Name,Email
Rose Gonzalez,rose@edge.com
Sean Forbes,sean@edge.com
Jack Rogers,jrogers@burlington.com
Pat Stumuller,pat@pyramid.net
Andy Young,a_young@dickenson.com
Tim Barr,barr_tim@grandhotels.com
John Bond,bond_john@grandhotels.com
Stella Pavlova,spavlova@uog.com
Lauren Boyle,lboyle@uog.com
Josh Davis,j.davis@expressl&t.net
Jane Grey,jane_gray@uoa.edu
Arthur Song,asong@uog.com
Avi Green,agreen@uog.com
Babara Levy,b.levy@expressl&t.net
Ashley James,ajames@uog.com
Tom Ripley,tripley@uog.com
Liz D'Cruz,ldcruz@uog.com
Edna Frank,efrank@genepoint.com
Siddartha Nedaerk,
Jake Llorrac,
John Jameson,jjameson@salesforce.com
Patrick James,pjames@salesforce.com
Anthony Atkinson,aatkinson@salesforce.com
